"issue_id","project","tracker","status","priority","subject","author","assigned_to","created_on","updated_on","closed_on","estimated_hours","logged_hours_after_assessment","done_ratio","url"
113192,"2025 - 44 Кострома - Поддержка КСКО 2025","Задача","Закрыта","Нормальный","Проработать функционал по отправке статусов по предварительной записи","Oleg Chikhirev","Anton Kurganskii","2025-09-16T14:20:32Z","2025-10-28T13:53:45Z","2025-10-28T13:53:45Z","",0,100,"https://rm.egspace.ru/issues/113192"
112967,"2025 - 31 Белгород - Поддержка КСБО 2025","Задача","Закрыта","Нормальный","АИС МФЦ. Замена заявление в услуге (Альбина К)","Fedor Usahcev","Anton Kurganskii","2025-09-11T06:45:07Z","2025-10-28T14:27:21Z","2025-10-28T14:27:21Z","",8,100,"https://rm.egspace.ru/issues/112967"
112814,"2025 - 31 Белгород - Модернизация КСБО 2025 - ТЗ 2","Задача","Закрыта","Нормальный","Вывод услуг МИЗО в продуктивную эксплуатацию","Oleg Chikhirev","Anton Kurganskii","2025-09-05T14:00:47Z","2025-10-30T13:37:33Z","2025-10-30T13:37:33Z","",4,100,"https://rm.egspace.ru/issues/112814"
112552,"2025 - 44 Кострома - Поддержка КСКО 2025","Задача","Закрыта","Нормальный","Пройти для КСКО интеграционное тестирование с ФССП (мнемоника КСКО 440002) - ЮЛ и ИП","Oleg Chikhirev","Anton Kurganskii","2025-08-29T13:57:49Z","2025-10-30T14:01:47Z","2025-10-30T14:01:47Z","",0,100,"https://rm.egspace.ru/issues/112552"
111064,"INT","Задача","Закрыта","Нормальный","Мини-приложение re:doc в Messenger Max","Anton Kurganskii","Anton Kurganskii","2025-07-25T07:09:20Z","2025-11-05T07:02:53Z","2025-11-05T07:02:53Z","",0,100,"https://rm.egspace.ru/issues/111064"
115728,"2025 - 44 Кострома - Поддержка КСКО 2025","Задача","Закрыта","Нормальный","Настроить шаблоны ФССП для продуктивного сервера КСКО","Oleg Chikhirev","Anton Kurganskii","2025-11-05T06:18:00Z","2025-11-13T06:06:58Z","2025-11-13T05:52:59Z","",2,100,"https://rm.egspace.ru/issues/115728"
116026,"2025 - 31 Белгород - Модернизация КСБО 2025 - ТЗ 2","Задача","Закрыта","Нормальный","Тестирование услуг МИЗО по всем возможным сценариям","Oleg Chikhirev","Anton Kurganskii","2025-11-12T06:06:35Z","2025-11-14T13:42:31Z","2025-11-14T13:42:31Z","",12,100,"https://rm.egspace.ru/issues/116026"
115733,"2025 - 31 Белгород - Модернизация КСБО 2025 - ТЗ 2","Задача","Закрыта","Нормальный","Дополнительные требования по услуге МИЗО","Oleg Chikhirev","Anton Kurganskii","2025-11-05T06:48:37Z","2025-11-14T13:42:41Z","2025-11-14T13:42:41Z","",16,100,"https://rm.egspace.ru/issues/115733"
115576,"2025 - 31 Белгород - Поддержка КСБО 2025","Задача","Закрыта","Нормальный","АИС МФЦ. Замена наименования банка получателя в услугах.  ","Daria Nosova","Anton Kurganskii","2025-10-31T12:29:35Z","2025-11-14T13:42:58Z","2025-11-14T13:42:58Z","",4,100,"https://rm.egspace.ru/issues/115576"
115509,"2025 - 31 Белгород - Модернизация КСБО 2025 - ТЗ 2","Задача","Закрыта","Нормальный","Доработка услуг МИЗО по замечаниям МФЦ","Oleg Chikhirev","Anton Kurganskii","2025-10-30T14:02:54Z","2025-11-14T13:43:17Z","2025-11-14T13:43:17Z","",12,100,"https://rm.egspace.ru/issues/115509"
116311,"[2025] SALE","Задача","Закрыта","Нормальный","Актуализация требования к ЭО Re:ochered на основе ранее собранных требования по ЭО ВнеОчереди","Oleg Chikhirev","Anton Kurganskii","2025-11-19T05:24:52Z","2026-03-26T13:50:33Z","2025-11-26T06:40:07Z","",12,100,"https://rm.egspace.ru/issues/116311"
116583,"[2025] SALE","Задача","Закрыта","Нормальный","Провести настройку и тестирование ЭО","Oleg Chikhirev","Anton Kurganskii","2025-11-25T08:29:20Z","2026-03-26T13:50:43Z","2025-11-28T13:20:57Z",8.0,8,100,"https://rm.egspace.ru/issues/116583"
116326,"2025 - 31 Белгород - Поддержка КСБО 2025","Поддержка","Закрыта","Нормальный","АИС МФЦ.   (МФЦ и МИЗО Белгород)","Fedor Usahcev","Anton Kurganskii","2025-11-19T08:05:23Z","2025-11-28T13:21:12Z","2025-11-28T13:21:12Z","",2,100,"https://rm.egspace.ru/issues/116326"
117560,"INV","ОС","Закрыта","Нормальный","Mac mini m4 16Gb 256Gb","Boris Tolstoy","Anton Kurganskii","2025-12-12T17:21:30Z","2025-12-12T17:21:38Z","2025-12-12T17:21:38Z","",0,100,"https://rm.egspace.ru/issues/117560"
110806,"2025 - RDC (2016-2025)","Требование","Отклонена","Низкий","Автоматизация подготовки услуги ","Anton Kurganskii","Anton Kurganskii","2025-07-17T19:51:03Z","2025-12-18T08:55:01Z","2025-12-18T08:55:01Z","",0,100,"https://rm.egspace.ru/issues/110806"
116965,"[2025] SALE","Задача","Закрыта","Нормальный","Подготовить ПЗ для показа - собрать требования с заказчиков","Oleg Chikhirev","Anton Kurganskii","2025-12-02T11:28:05Z","2026-03-26T13:50:33Z","2025-12-26T14:05:31Z","",16,100,"https://rm.egspace.ru/issues/116965"
117201,"[2025] SALE","Задача","Закрыта","Нормальный","ПЗ РеОчередь - разобраться и настроить пульт оператора","Oleg Chikhirev","Anton Kurganskii","2025-12-05T15:02:07Z","2026-03-26T13:50:33Z","2025-12-26T14:05:31Z","",9,100,"https://rm.egspace.ru/issues/117201"
106119,"2025 - RDC (2016-2025)","Задача","Закрыта","Нормальный","Собрать информацию о визуальном конструкторе заявлений в Битрикс24","Oleg Chikhirev","Anton Kurganskii","2025-04-01T14:21:46Z","2026-04-01T13:41:47Z","2025-12-26T14:05:31Z","",0,100,"https://rm.egspace.ru/issues/106119"
117714,"[2025] SALE","Задача","Закрыта","Нормальный","Разработать MVP чат бота с простейшим функционалом","Oleg Chikhirev","Anton Kurganskii","2025-12-17T06:50:21Z","2026-03-26T13:18:55Z","2025-12-26T14:05:31Z","",8,100,"https://rm.egspace.ru/issues/117714"
117851,"[2025] SALE","Задача","Закрыта","Нормальный","Доработка чат бота ДЦР Костромы - добавить обратную связь","Oleg Chikhirev","Anton Kurganskii","2025-12-22T05:28:59Z","2026-03-26T13:18:02Z","2025-12-26T14:05:31Z","",8,100,"https://rm.egspace.ru/issues/117851"
117964,"[2025] SALE","Задача","Закрыта","Нормальный","Разработчка чат бота ДЦР - встроить опросники на базе 1С-Битрикс","Oleg Chikhirev","Anton Kurganskii","2025-12-23T13:47:00Z","2026-03-26T13:17:28Z","2025-12-26T14:05:32Z","",16,100,"https://rm.egspace.ru/issues/117964"
118096,"[2025] SALE","Задача","Закрыта","Нормальный","Разработчка чат бота ДЦР -  отладка бота перед и после показа","Oleg Chikhirev","Anton Kurganskii","2025-12-26T05:15:38Z","2026-03-26T13:20:09Z","2025-12-30T17:05:44Z","",9,100,"https://rm.egspace.ru/issues/118096"
116585,"2025 - 31 Белгород - Поддержка КСБО 2025","Задача","Закрыта","Нормальный","Тестирование ФССП для КСБО - http://www.fssp.gov.ru/namespace/id/2022/1","Oleg Chikhirev","Anton Kurganskii","2025-11-25T08:42:26Z","2026-01-30T13:06:30Z","2026-01-30T13:06:30Z","",25,100,"https://rm.egspace.ru/issues/116585"
118775,"[2026] SALE","Задача","Закрыта","Нормальный","Подготовить ТЗ по чат боту для ЗАГС","Oleg Chikhirev","Anton Kurganskii","2026-01-22T12:41:17Z","2026-03-26T13:21:28Z","2026-01-30T13:06:36Z","",4,100,"https://rm.egspace.ru/issues/118775"
117200,"[2025] SALE","Задача","Закрыта","Нормальный","Подготовить документация по ПЗ - руководство администратора","Oleg Chikhirev","Anton Kurganskii","2025-12-05T15:00:53Z","2026-03-26T13:50:33Z","2026-01-30T13:06:54Z","",11,100,"https://rm.egspace.ru/issues/117200"
116313,"2025 - 31 Белгород - Поддержка КСБО 2025","Задача","Закрыта","Нормальный","Актуализировать требования по курьерскому модулю и поставить задачи на доработку редока","Oleg Chikhirev","Anton Kurganskii","2025-11-19T05:32:04Z","2026-02-02T10:52:40Z","2026-01-30T13:07:01Z","",20,100,"https://rm.egspace.ru/issues/116313"
119111,"2026 - 44 Кострома - Поддержка КСКО 2026","Задача","Закрыта","Нормальный","Доработать чат бот ДЦР КО в части опроса и undefined","Victor Shirokov","Anton Kurganskii","2026-01-29T07:11:12Z","2026-01-30T13:11:53Z","2026-01-30T13:11:53Z","",8,100,"https://rm.egspace.ru/issues/119111"
118359,"2026 - 44 Кострома - Поддержка КСКО 2026","Задача","Закрыта","Нормальный","Подготовка и проведение показа чат бота ДЦР Костромской области","Oleg Chikhirev","Anton Kurganskii","2026-01-13T13:36:53Z","2026-01-30T13:17:44Z","2026-01-30T13:17:44Z","",19,100,"https://rm.egspace.ru/issues/118359"
112121,"ORG","Задача","Отклонена","Нормальный","Настроить HRM","Alexey Vladimirovich Vysokovskikh","Anton Kurganskii","2025-08-20T12:16:35Z","2026-02-04T16:02:11Z","2026-02-04T16:02:11Z",16.0,0,100,"https://rm.egspace.ru/issues/112121"
120152,"Электронная очередь 3.0","Задача","Закрыта","Нормальный","Проработка требования к админке Re:turn - дополнительная задача на проработку и описание требований","Oleg Chikhirev","Anton Kurganskii","2026-02-25T12:12:40Z","2026-02-27T15:09:18Z","2026-02-27T15:09:18Z","",8,100,"https://rm.egspace.ru/issues/120152"
120017,"[2026] SALE","Задача","Закрыта","Нормальный","Разобраться в БД очереди в части мониторинга очередей и подготовить скрипт для предзаполнения","Oleg Chikhirev","Anton Kurganskii","2026-02-23T17:11:17Z","2026-03-26T13:42:15Z","2026-02-27T15:09:25Z","",4,100,"https://rm.egspace.ru/issues/120017"
119436,"Электронная очередь 3.0","Задача","Закрыта","Нормальный","Проработка необходимых доработок на основе имеющуегося АПИ и требуего функционала пульта оператора","Oleg Chikhirev","Anton Kurganskii","2026-02-05T13:51:29Z","2026-02-27T15:09:34Z","2026-02-27T15:09:34Z","",16,100,"https://rm.egspace.ru/issues/119436"
119843,"2026 - 31 Белгород - Поддержка КСБО 2026","Улучшение","Закрыта","Нормальный","Собрать требования по добавлению нового документа в карточку заявителя","Oleg Chikhirev","Anton Kurganskii","2026-02-17T12:43:08Z","2026-02-27T15:09:43Z","2026-02-27T15:09:43Z","",0,100,"https://rm.egspace.ru/issues/119843"
119483,"[2026] SALE","Задача","Закрыта","Нормальный","Анализ и подготовка описания для реализации чат бота АПК для Костромской области","Oleg Chikhirev","Anton Kurganskii","2026-02-06T13:16:42Z","2026-03-26T13:21:28Z","2026-02-27T15:09:53Z","",8,100,"https://rm.egspace.ru/issues/119483"
119437,"Электронная очередь 3.0","Задача","Закрыта","Нормальный","Проработка требования к админке Re:turn - окно для контроля очереди","Oleg Chikhirev","Anton Kurganskii","2026-02-05T13:53:56Z","2026-02-28T12:17:22Z","2026-02-28T12:17:22Z","",20,100,"https://rm.egspace.ru/issues/119437"
120202,"[2026] SALE","Задача","Закрыта","Нормальный","Проработка задачи на доработку Re:Doc для приема запросов от MAX","Oleg Chikhirev","Anton Kurganskii","2026-02-26T09:03:55Z","2026-03-26T13:21:28Z","2026-02-28T12:17:59Z","",11,100,"https://rm.egspace.ru/issues/120202"
120201,"[2026] SALE","Задача","Закрыта","Нормальный","Проработать структуру микросервиса для чат бота MAX (C# версия)","Oleg Chikhirev","Anton Kurganskii","2026-02-26T09:03:32Z","2026-03-27T13:49:37Z","2026-03-27T13:49:37Z","",80,100,"https://rm.egspace.ru/issues/120201"
120797,"2026 - 31 Белгород - Поддержка КСБО 2026","Задача","Закрыта","Нормальный","Подготовить задачи на разработку бек и фронт части Курьерского модуля","Oleg Chikhirev","Anton Kurganskii","2026-03-11T12:23:09Z","2026-03-27T13:49:37Z","2026-03-27T13:49:37Z","",16,100,"https://rm.egspace.ru/issues/120797"
120522,"Электронная очередь 3.0","Задача","Закрыта","Нормальный","Анализ новой версии, контроль выполнения задач на стороне разработчиков ЭО","Oleg Chikhirev","Anton Kurganskii","2026-03-04T07:55:07Z","2026-03-27T13:49:37Z","2026-03-27T13:49:37Z","",16,100,"https://rm.egspace.ru/issues/120522"
120817,"Электронная очередь 3.0","Задача","Закрыта","Нормальный","Провести анализ новой версии ЭО, актуализроыать описания очереди и документации к ней","Oleg Chikhirev","Anton Kurganskii","2026-03-12T05:44:30Z","2026-03-27T13:49:37Z","2026-03-27T13:49:37Z","",16,100,"https://rm.egspace.ru/issues/120817"
121484,"Электронная очередь 3.0","Задача","Закрыта","Нормальный","Развернуть ЭО и протестировать полный цикл работы (пульт, терминалы, мониторы)","Oleg Chikhirev","Anton Kurganskii","2026-03-25T12:27:18Z","2026-03-27T13:49:38Z","2026-03-27T13:49:38Z","",20,100,"https://rm.egspace.ru/issues/121484"
121615,"[2026] SALE","Задача","Закрыта","Нормальный","Подготовить документация по ПЗ - руководство администратора","Sergey Vysokovskikh","Anton Kurganskii","2026-03-26T13:46:36Z","2026-03-31T05:42:46Z","2026-03-31T05:42:46Z","",15,100,"https://rm.egspace.ru/issues/121615"
121483,"[2026] SALE","Задача","Закрыта","Нормальный","Подготовка ТЗ по чат боту АПК","Oleg Chikhirev","Anton Kurganskii","2026-03-25T12:25:45Z","2026-03-31T13:25:30Z","2026-03-31T13:25:30Z","",4,100,"https://rm.egspace.ru/issues/121483"
121709,"[2026] SALE","Задача","Закрыта","Нормальный","Интеграция чат бота ЗАГС с новой версией очереди re:turn","Oleg Chikhirev","Anton Kurganskii","2026-03-27T14:51:16Z","2026-03-31T13:25:34Z","2026-03-31T13:25:34Z","",14,100,"https://rm.egspace.ru/issues/121709"
121785,"2026 - РСУД (2022-2026). 1 этап","Ошибка","Закрыта","Нормальный","Задача Г. Исправить диалект с сохранением прежнего контракта","Anton Kurganskii","Anton Kurganskii","2026-03-30T13:13:23Z","2026-04-09T05:58:17Z","2026-04-08T14:07:32Z",16.0,23.5,100,"https://rm.egspace.ru/issues/121785"
121786,"2026 - РСУД (2022-2026). 1 этап","Ошибка","Закрыта","Нормальный","Задача Д. Пересмотреть тесты только по доказанным основаниям","Anton Kurganskii","Anton Kurganskii","2026-03-30T13:13:23Z","2026-04-09T05:58:17Z","2026-04-08T14:08:26Z",5.0,0,100,"https://rm.egspace.ru/issues/121786"
121787,"2026 - РСУД (2022-2026). 1 этап","Ошибка","Закрыта","Нормальный","Задача Е. Отдельно оценить необходимость реализации get_indexes","Anton Kurganskii","Anton Kurganskii","2026-03-30T13:13:24Z","2026-04-09T05:58:17Z","2026-04-08T14:08:30Z",2.0,0,100,"https://rm.egspace.ru/issues/121787"
121745,"2026 - РСУД (2022-2026). 1 этап","Ошибка","Закрыта","Нормальный","Задача А. Зафиксировать контекст обновления драйвера","Anton Kurganskii","Anton Kurganskii","2026-03-30T09:24:01Z","2026-04-09T05:58:17Z","2026-04-08T14:10:56Z",3.0,3,100,"https://rm.egspace.ru/issues/121745"
121747,"2026 - РСУД (2022-2026). 1 этап","Ошибка","Закрыта","Нормальный","Задача Б. Воспроизвести регрессию локально","Anton Kurganskii","Anton Kurganskii","2026-03-30T09:25:09Z","2026-04-09T05:58:17Z","2026-04-08T14:11:02Z",5.0,5,100,"https://rm.egspace.ru/issues/121747"
121784,"2026 - РСУД (2022-2026). 1 этап","Ошибка","Закрыта","Нормальный","Задача В. Сравнить поведение JDBC-драйверов 6.8.1 и 6.12.1","Anton Kurganskii","Anton Kurganskii","2026-03-30T13:13:22Z","2026-04-09T05:58:17Z","2026-04-08T14:11:07Z",9.0,8,100,"https://rm.egspace.ru/issues/121784"
106244,"2026 - РСУД (2022-2026). 1 этап","Ошибка","Закрыта","Нормальный","Исправить ошибки в связи с обновлением JDBC драйвера","Gennadij Blinov","Anton Kurganskii","2025-04-03T08:52:15Z","2026-06-20T14:36:59Z","2026-04-09T05:58:26Z","",0,100,"https://rm.egspace.ru/issues/106244"
122684,"2026 - 44 Кострома - Чат бот MAX ДЦР","Задача","Закрыта","Нормальный","Подготовить инструкцию по чат боту MAX ДЦР","Oleg Chikhirev","Anton Kurganskii","2026-04-15T06:03:07Z","2026-04-30T06:36:53Z","2026-04-30T06:36:53Z","",16,100,"https://rm.egspace.ru/issues/122684"
122043,"2026 - 44 Кострома - Чат бот MAX АПК","Задача","Закрыта","Нормальный","Развернуть тестовый стенд с доработками API редока и настроить чат бот на работу через эти API","Oleg Chikhirev","Anton Kurganskii","2026-04-02T06:56:48Z","2026-04-30T06:37:06Z","2026-04-30T06:37:06Z","",16,100,"https://rm.egspace.ru/issues/122043"
123632,"Электронная очередь 3.0","Задача","Закрыта","Нормальный","Тестирование промежуточной версии пульта Re:turn - актуализация требований и постановка задач","Anton Kurganskii","Anton Kurganskii","2026-05-06T14:15:36Z","2026-05-29T12:18:50Z","2026-05-29T12:18:50Z","",57,100,"https://rm.egspace.ru/issues/123632"
122404,"2026 - 44 Кострома - Чат бот MAX АПК","Задача","Закрыта","Нормальный","Разработка API в чат боте для приема запросов с данными и файлами","Oleg Chikhirev","Anton Kurganskii","2026-04-08T14:21:34Z","2026-05-29T12:19:04Z","2026-05-29T12:19:04Z","",24,100,"https://rm.egspace.ru/issues/122404"
122773,"2026 - 44 Кострома - Поддержка КСКО 2026","Задача","Закрыта","Нормальный","Анализ документации по Госпошлинам MAX","Oleg Chikhirev","Anton Kurganskii","2026-04-16T08:22:20Z","2026-05-29T12:19:23Z","2026-05-29T12:19:23Z","",10,100,"https://rm.egspace.ru/issues/122773"
124661,"2026 - 31 Белгород - Поддержка КСБО 2026","Задача","Закрыта","Нормальный","АИС МФЦ. Изменение наименования ведомства - ""Организация предоставления гражданам субсидий на оплату жилого помещения и коммунальных услуг""","Daria Nosova","Anton Kurganskii","2026-06-02T11:02:43Z","2026-06-05T08:25:35Z","2026-06-05T08:25:35Z","",1,100,"https://rm.egspace.ru/issues/124661"
119879,"Электронная очередь 3.0","Улучшение","Закрыта","Нормальный","Модуль 1: Иконки и кнопки действий","Anton Kurganskii","Anton Kurganskii","2026-02-18T11:29:12Z","2026-06-10T13:37:50Z","2026-06-06T07:07:22Z","",0,100,"https://rm.egspace.ru/issues/119879"
119898,"Электронная очередь 3.0","Задача","Закрыта","Нормальный","Модуль 2: Установка статуса «Обед»","Anton Kurganskii","Anton Kurganskii","2026-02-18T13:38:58Z","2026-06-06T07:08:23Z","2026-06-06T07:08:23Z","",0,100,"https://rm.egspace.ru/issues/119898"
119977,"Электронная очередь 3.0","Задача","Закрыта","Нормальный","Модуль 3: Карточки очереди и отображение данных","Anton Kurganskii","Anton Kurganskii","2026-02-20T11:39:01Z","2026-06-06T07:09:08Z","2026-06-06T07:09:08Z","",0,100,"https://rm.egspace.ru/issues/119977"
120026,"Электронная очередь 3.0","Задача","Закрыта","Нормальный","Модуль 4: Вызов посетителя — подтверждение при вызове","Anton Kurganskii","Anton Kurganskii","2026-02-24T06:19:51Z","2026-06-06T07:11:07Z","2026-06-06T07:11:07Z","",0,100,"https://rm.egspace.ru/issues/120026"
120030,"Электронная очередь 3.0","Задача","Закрыта","Нормальный","Модуль 5: Неявка и снятие с вызова","Anton Kurganskii","Anton Kurganskii","2026-02-24T06:19:51Z","2026-06-06T07:11:51Z","2026-06-06T07:11:51Z","",0,100,"https://rm.egspace.ru/issues/120030"
120034,"Электронная очередь 3.0","Задача","Закрыта","Нормальный","Модуль 6: Перерывы и завершение работы в окне","Anton Kurganskii","Anton Kurganskii","2026-02-24T06:19:52Z","2026-06-06T07:12:32Z","2026-06-06T07:12:32Z","",0,100,"https://rm.egspace.ru/issues/120034"
120038,"Электронная очередь 3.0","Задача","Закрыта","Нормальный","Модуль 7: Уведомления и сигналы","Anton Kurganskii","Anton Kurganskii","2026-02-24T06:19:53Z","2026-06-06T07:13:00Z","2026-06-06T07:13:00Z","",0,100,"https://rm.egspace.ru/issues/120038"
124746,"2026 - 31 Белгород - Поддержка КСБО 2026","Задача","Закрыта","Нормальный","Доработка платные услуги - разобраться в процессе и доработать все оп замечаниям от МФЦ","Oleg Chikhirev","Anton Kurganskii","2026-06-04T07:20:28Z","2026-06-19T11:52:08Z","2026-06-19T11:52:08Z","",4,100,"https://rm.egspace.ru/issues/124746"
124113,"2026 - 68 Тамбов - Поддержка АИС МФЦ 2026","Задача","Закрыта","Нормальный","Провести анализ возможности доработки чат бота MAX","Oleg Chikhirev","Anton Kurganskii","2026-05-19T12:33:04Z","2026-06-19T11:52:09Z","2026-06-19T11:52:09Z","",2,100,"https://rm.egspace.ru/issues/124113"
123219,"Электронная очередь 3.0","Задача","Закрыта","Нормальный","Уточнение постановки задач на разработчиков","Oleg Chikhirev","Anton Kurganskii","2026-04-24T05:32:22Z","2026-06-19T11:52:09Z","2026-06-19T11:52:09Z","",12,100,"https://rm.egspace.ru/issues/123219"
124444,"Электронная очередь 3.0","Задача","Закрыта","Нормальный","Постановка задач на доработку бека и фронта для работы пульта Re:Turn","Oleg Chikhirev","Anton Kurganskii","2026-05-27T09:12:48Z","2026-06-19T11:52:09Z","2026-06-19T11:52:09Z","",37,100,"https://rm.egspace.ru/issues/124444"
125070,"2026 - 68 Тамбов - Поддержка АИС МФЦ 2026","Задача","Закрыта","Нормальный","Исследование API/механизмов доступа к шлюзу СМЭВ3 для выгрузки сообщений по namespace_uri","Anton Kurganskii","Anton Kurganskii","2026-06-15T20:14:29Z","2026-06-19T13:36:32Z","2026-06-19T13:36:32Z","",8,100,"https://rm.egspace.ru/issues/125070"
123347,"2026 - 44 Кострома - Поддержка КСКО 2026","Задача","Закрыта","Нормальный","Гибридный сценарий оплаты госпошлины через СБП ФК с push-ссылкой Notify и закрытым контуром АИС МФЦ.","Anton Kurganskii","Anton Kurganskii","2026-04-28T13:58:29Z","2026-06-19T13:36:53Z","2026-06-19T13:36:53Z",8.0,8,100,"https://rm.egspace.ru/issues/123347"
124529,"2026 - 44 Кострома - Поддержка КСКО 2026","Задача","Закрыта","Нормальный","Провести тестирование оплаты через СБП ФК в контрольной среде","Anton Kurganskii","Anton Kurganskii","2026-05-29T03:52:49Z","2026-06-19T13:37:07Z","2026-06-19T13:37:07Z","",18,100,"https://rm.egspace.ru/issues/124529"
123461,"2026 - 44 Кострома - Чат бот MAX АПК","Задача","Закрыта","Нормальный","Доделки и консультирование по API в чат боте для приема запросов с данными и файлами","Anton Kurganskii","Anton Kurganskii","2026-05-04T05:29:53Z","2026-06-19T13:38:19Z","2026-06-19T13:38:19Z",24.0,24,100,"https://rm.egspace.ru/issues/123461"
124613,"2026 - 31 Белгород - Поддержка КСБО 2026","Задача","Закрыта","Нормальный","АИС МФЦ. Внесение изменений в платные услуги","Daria Nosova","Anton Kurganskii","2026-06-01T11:03:01Z","2026-06-19T13:39:16Z","2026-06-19T13:39:16Z","",10,100,"https://rm.egspace.ru/issues/124613"
124699,"2026 - 31 Белгород - Поддержка КСБО 2026","Задача","Закрыта","Нормальный","АИС МФЦ. Изменение прейскуранта в услугах по Выездному обслуживанию ","Daria Nosova","Anton Kurganskii","2026-06-03T09:04:38Z","2026-06-19T13:39:46Z","2026-06-19T13:39:46Z","",4,100,"https://rm.egspace.ru/issues/124699"
126237,"[2026] SALE","Задача","Закрыта","Нормальный","Оценить разработку чат бота ЧАО для культуры (чат бот музея)","Victor Shirokov","Anton Kurganskii","2026-07-16T10:42:18Z","2026-07-30T14:12:05Z","2026-07-30T14:12:05Z","",8,100,"https://rm.egspace.ru/issues/126237"
125737,"[2026] SALE","Задача","Закрыта","Нормальный","Проанализировать чат бот ЧАО","Victor Shirokov","Anton Kurganskii","2026-07-03T09:55:27Z","2026-07-30T14:50:15Z","2026-07-30T14:50:15Z","",8,100,"https://rm.egspace.ru/issues/125737"
124745,"2026 - 68 Тамбов - Поддержка АИС МФЦ 2026","Задача","Закрыта","Нормальный","Провести анлиз имеюущейся документации по записи в МФЦ через ЕПГУ","Oleg Chikhirev","Anton Kurganskii","2026-06-04T07:16:41Z","2026-07-30T14:51:11Z","2026-07-30T14:51:11Z","",40,100,"https://rm.egspace.ru/issues/124745"
126598,"2026 - 44 Кострома - Поддержка КСКО 2026","Улучшение","Закрыта","Нормальный","Составить функциональные требования на основе анализа сайтов МФЦ по методике работы для слабовидящих","Oleg Chikhirev","Anton Kurganskii","2026-07-27T11:24:23Z","2026-07-30T14:57:57Z","2026-07-30T14:57:57Z","",8,100,"https://rm.egspace.ru/issues/126598"
125525,"2026 - 68 Тамбов - Поддержка АИС МФЦ 2026","Задача","Закрыта","Нормальный","Сравнение структур ФРГУ-1 и ФРГУ-3 + итоговый вывод о пригодности","Anton Kurganskii","Anton Kurganskii","2026-06-29T13:19:45Z","2026-08-24T05:45:50Z","2026-07-30T14:58:19Z","",16,100,"https://rm.egspace.ru/issues/125525"
125520,"2026 - 68 Тамбов - Поддержка АИС МФЦ 2026","Задача","Закрыта","Нормальный","Изучение модели данных ФРГУ-3 «с чистого листа»","Anton Kurganskii","Anton Kurganskii","2026-06-29T13:14:26Z","2026-08-24T05:45:48Z","2026-07-30T14:58:30Z","",8,100,"https://rm.egspace.ru/issues/125520"
125522,"2026 - 68 Тамбов - Поддержка АИС МФЦ 2026","Задача","Закрыта","Нормальный","Анализ 57 регламентированных запросов ФРГУ-3","Anton Kurganskii","Anton Kurganskii","2026-06-29T13:17:39Z","2026-08-24T05:45:48Z","2026-07-30T14:58:40Z","",8,100,"https://rm.egspace.ru/issues/125522"
125229,"2026 - 68 Тамбов - Поддержка АИС МФЦ 2026","Задача","Закрыта","Нормальный","Провести анализ витрины и РЗ ФРГУ 3.0","Oleg Chikhirev","Anton Kurganskii","2026-06-19T13:25:46Z","2026-08-24T05:45:47Z","2026-07-30T14:59:04Z","",24,100,"https://rm.egspace.ru/issues/125229"
126214,"2026 - 44 Кострома - Поддержка КСКО 2026","Задача","Закрыта","Нормальный","Проведение анализа сайтов МФЦ по методике для инвалидов по зрению","Oleg Chikhirev","Anton Kurganskii","2026-07-15T15:25:06Z","2026-07-30T15:00:40Z","2026-07-30T15:00:40Z","",24,100,"https://rm.egspace.ru/issues/126214"
125091,"2026 - 68 Тамбов - Поддержка АИС МФЦ 2026","Задача","Закрыта","Нормальный","Разработка микросервиса для записи в МФЦ через ЕПГУ","Oleg Chikhirev","Anton Kurganskii","2026-06-16T11:21:37Z","2026-08-28T14:18:36Z","2026-08-28T14:18:36Z","",48,100,"https://rm.egspace.ru/issues/125091"
127372,"[2026] SALE","Задача","Закрыта","Нормальный","Подготовить стенд MAX бота с ПЗ + ЭО + редок для демонстрации функционала","Oleg Chikhirev","Anton Kurganskii","2026-08-13T06:42:14Z","2026-08-28T14:20:11Z","2026-08-28T14:20:11Z","",32,100,"https://rm.egspace.ru/issues/127372"
127199,"[2026] SALE","Задача","Закрыта","Нормальный","Разработка прототипа чат-бота для ЧАО","Anton Kurganskii","Anton Kurganskii","2026-08-07T11:37:03Z","2026-08-28T14:23:12Z","2026-08-28T14:23:12Z",24.0,40,100,"https://rm.egspace.ru/issues/127199"
127153,"[2026] SALE","Задача","Закрыта","Нормальный","Анализ: gap-анализ шаблона ЕРС, модель данных мер поддержки, варианты UX","Anton Kurganskii","Anton Kurganskii","2026-08-06T11:58:36Z","2026-08-28T14:23:23Z","2026-08-28T14:23:23Z","",9,100,"https://rm.egspace.ru/issues/127153"
125524,"2026 - 68 Тамбов - Поддержка АИС МФЦ 2026","Задача","Закрыта","Нормальный","Разбор текущей интеграции редока с ФРГУ-1 (РГУ 1.0)","Anton Kurganskii","Anton Kurganskii","2026-06-29T13:19:29Z","2026-08-28T14:23:39Z","2026-08-28T14:23:39Z","",8,100,"https://rm.egspace.ru/issues/125524"
128073,"[2026] SALE","Задача","Закрыта","Нормальный","Подготовка и проведение показа ЭО","Oleg Chikhirev","Anton Kurganskii","2026-08-31T13:08:28Z","2026-08-31T13:32:37Z","2026-08-31T13:32:37Z","",8,100,"https://rm.egspace.ru/issues/128073"
126845,"2026 - 44 Кострома - Поддержка КСКО 2026","Задача","Закрыта","Высокий","Настройка на продуктивном сервер и получение доступа в продуктиве СБП","Oleg Chikhirev","Anton Kurganskii","2026-07-30T14:10:35Z","2026-08-31T13:41:46Z","2026-08-31T13:41:46Z","",39,100,"https://rm.egspace.ru/issues/126845"
125523,"2026 - 68 Тамбов - Поддержка АИС МФЦ 2026","Задача","Закрыта","Нормальный","Проектирование целевой модели редока по образу ФРГУ-3","Anton Kurganskii","Anton Kurganskii","2026-06-29T13:18:23Z","2026-08-31T13:42:18Z","2026-08-31T13:42:18Z","",16,100,"https://rm.egspace.ru/issues/125523"
127787,"2026 - 68 Тамбов - Поддержка АИС МФЦ 2026","Задача","Закрыта","Нормальный","Спроектировать состав и сценарии работы с паспортом услуги ФРГУ 3.0 в Re:Doc","Anton Kurganskii","Anton Kurganskii","2026-08-24T11:31:24Z","2026-08-31T13:42:38Z","2026-08-31T13:42:38Z","",48,100,"https://rm.egspace.ru/issues/127787"
124680,"2026 - 44 Кострома - Чат бот MAX АПК","Задача","Закрыта","Нормальный","Доделать досылку файла и текста из бота в редок","Anton Kurganskii","Anton Kurganskii","2026-06-02T14:01:44Z","2026-08-31T13:42:55Z","2026-08-31T13:42:55Z","",11,100,"https://rm.egspace.ru/issues/124680"
126210,"2026 - 31 Белгород - Поддержка КСБО 2026","Задача","Закрыта","Нормальный","Обсуждения с разработчиком и дополнительные задачи","Anton Kurganskii","Anton Kurganskii","2026-07-15T13:53:57Z","2026-08-31T13:43:09Z","2026-08-31T13:43:09Z","",10,100,"https://rm.egspace.ru/issues/126210"
126049,"2026 - 68 Тамбов - Поддержка АИС МФЦ 2026","Задача","Закрыта","Нормальный","Проверить и описать рабочий сценарий сборки паспорта услуги ФРГУ-3","Anton Kurganskii","Anton Kurganskii","2026-07-10T14:44:32Z","2026-09-02T06:20:32Z","2026-09-02T06:20:32Z","",30,100,"https://rm.egspace.ru/issues/126049"
